OBJECTID,ZIPCODE,GIS_ID,WEB_URL,EPA_URL,NAME,TYPE,UNINSURED_POPULATION,MEDICAID_RECIPIENT,LABEL,ZIP_CODE_TEXT,SHAPEAREA,SHAPELEN
88,20405,ZIP_405,http://www.usps.gov,http://maps.epa.gov/scripts/.esrimap?name=enviroMapperN&Cmd=ZoomInByZip&CmdOld=ZoomInByScalar&threshold=360.0&zoomFactor=2.0&layersCode=001&queryCode=99&fipsCode=20405,GENERAL SERVICES ADMINISTRATION,UNIQUE,0,0,20405,20405,0,0
89,20407,ZIP_407,http://www.usps.gov,http://maps.epa.gov/scripts/.esrimap?name=enviroMapperN&Cmd=ZoomInByZip&CmdOld=ZoomInByScalar&threshold=360.0&zoomFactor=2.0&layersCode=001&queryCode=99&fipsCode=20407,GENERAL SERVICES ADMINISTRATION,UNIQUE,0,0,20407,20407,0,0
90,20408,ZIP_408,http://www.usps.gov,http://maps.epa.gov/scripts/.esrimap?name=enviroMapperN&Cmd=ZoomInByZip&CmdOld=ZoomInByScalar&threshold=360.0&zoomFactor=2.0&layersCode=001&queryCode=99&fipsCode=20408,NATIONAL ARCHIVES,UNIQUE,0,0,20408,20408,0,0
91,20410,ZIP_410,http://www.usps.gov,http://maps.epa.gov/scripts/.esrimap?name=enviroMapperN&Cmd=ZoomInByZip&CmdOld=ZoomInByScalar&threshold=360.0&zoomFactor=2.0&layersCode=001&queryCode=99&fipsCode=20410,DEPARTMENT OF HOUSING AND URBAN DEVELOPMENT,UNIQUE,0,0,20410,20410,0,0
92,20411,ZIP_411,http://www.usps.gov,http://maps.epa.gov/scripts/.esrimap?name=enviroMapperN&Cmd=ZoomInByZip&CmdOld=ZoomInByScalar&threshold=360.0&zoomFactor=2.0&layersCode=001&queryCode=99&fipsCode=20411,FEDERAL HOUSING ADMINISTRATION,UNIQUE,0,0,20411,20411,0,0
93,20412,ZIP_412,http://www.usps.gov,http://maps.epa.gov/scripts/.esrimap?name=enviroMapperN&Cmd=ZoomInByZip&CmdOld=ZoomInByScalar&threshold=360.0&zoomFactor=2.0&layersCode=001&queryCode=99&fipsCode=20412,FEDERAL HOUSING ADMINISTRATION,UNIQUE,0,0,20412,20412,0,0
94,20415,ZIP_415,http://www.usps.gov,http://maps.epa.gov/scripts/.esrimap?name=enviroMapperN&Cmd=ZoomInByZip&CmdOld=ZoomInByScalar&threshold=360.0&zoomFactor=2.0&layersCode=001&queryCode=99&fipsCode=20415,OFFICE OF PERSONNEL MANAGEMENT,UNIQUE,0,0,20415,20415,0,0
95,20416,ZIP_416,http://www.usps.gov,http://maps.epa.gov/scripts/.esrimap?name=enviroMapperN&Cmd=ZoomInByZip&CmdOld=ZoomInByScalar&threshold=360.0&zoomFactor=2.0&layersCode=001&queryCode=99&fipsCode=20416,SMALL BUSINESS ADMINISTRATION,UNIQUE,0,0,20416,20416,0,0
1,20001,ZIP_001,http://www.usps.gov,http://maps.epa.gov/scripts/.esrimap?name=enviroMapperN&Cmd=ZoomInByZip&CmdOld=ZoomInByScalar&threshold=360.0&zoomFactor=2.0&layersCode=001&queryCode=99&fipsCode=20001, ,STANDARD,3287,10168,20001,20001,0,0
2,20002,ZIP_002,http://www.usps.gov,http://maps.epa.gov/scripts/.esrimap?name=enviroMapperN&Cmd=ZoomInByZip&CmdOld=ZoomInByScalar&threshold=360.0&zoomFactor=2.0&layersCode=001&queryCode=99&fipsCode=20002, ,STANDARD,2786,15950,20002,20002,0,0
3,20003,ZIP_003,http://www.usps.gov,http://maps.epa.gov/scripts/.esrimap?name=enviroMapperN&Cmd=ZoomInByZip&CmdOld=ZoomInByScalar&threshold=360.0&zoomFactor=2.0&layersCode=001&queryCode=99&fipsCode=20003, ,STANDARD,914,2989,20003,20003,0,0
4,20004,ZIP_004,http://www.usps.gov,,,STANDARD,9,7,20004,2004,0,0
5,20005,ZIP_005,http://www.usps.gov,http://maps.epa.gov/scripts/.esrimap?name=enviroMapperN&Cmd=ZoomInByZip&CmdOld=ZoomInByScalar&threshold=360.0&zoomFactor=2.0&layersCode=001&queryCode=99&fipsCode=20005, ,STANDARD,522,1301,20005,20005,0,0
6,20006,ZIP_006,http://www.usps.gov,http://maps.epa.gov/scripts/.esrimap?name=enviroMapperN&Cmd=ZoomInByZip&CmdOld=ZoomInByScalar&threshold=360.0&zoomFactor=2.0&layersCode=001&queryCode=99&fipsCode=20006, ,STANDARD,11,16,20006,20006,0,0
7,20007,ZIP_007,http://www.usps.gov,http://maps.epa.gov/scripts/.esrimap?name=enviroMapperN&Cmd=ZoomInByZip&CmdOld=ZoomInByScalar&threshold=360.0&zoomFactor=2.0&layersCode=001&queryCode=99&fipsCode=20007, ,STANDARD,130,322,20007,20007,0,0
8,20008,ZIP_008,http://www.usps.gov,http://maps.epa.gov/scripts/.esrimap?name=enviroMapperN&Cmd=ZoomInByZip&CmdOld=ZoomInByScalar&threshold=360.0&zoomFactor=2.0&layersCode=001&queryCode=99&fipsCode=20008, ,STANDARD,153,370,20008,20008,0,0
9,20009,ZIP_009,http://www.usps.gov,http://maps.epa.gov/scripts/.esrimap?name=enviroMapperN&Cmd=ZoomInByZip&CmdOld=ZoomInByScalar&threshold=360.0&zoomFactor=2.0&layersCode=001&queryCode=99&fipsCode=20009, ,STANDARD,2649,6628,20009,20009,0,0
10,20010,ZIP_010,http://www.usps.gov,http://maps.epa.gov/scripts/.esrimap?name=enviroMapperN&Cmd=ZoomInByZip&CmdOld=ZoomInByScalar&threshold=360.0&zoomFactor=2.0&layersCode=001&queryCode=99&fipsCode=20010, ,STANDARD,3432,6973,20010,20010,0,0
11,20011,ZIP_011,http://www.usps.gov,http://maps.epa.gov/scripts/.esrimap?name=enviroMapperN&Cmd=ZoomInByZip&CmdOld=ZoomInByScalar&threshold=360.0&zoomFactor=2.0&layersCode=001&queryCode=99&fipsCode=20011, ,STANDARD,4551,13380,20011,20011,0,0
12,20012,ZIP_012,http://www.usps.gov,http://maps.epa.gov/scripts/.esrimap?name=enviroMapperN&Cmd=ZoomInByZip&CmdOld=ZoomInByScalar&threshold=360.0&zoomFactor=2.0&layersCode=001&queryCode=99&fipsCode=20012, ,STANDARD,579,1742,20012,20012,0,0
13,20013,ZIP_013,http://www.usps.gov,http://maps.epa.gov/scripts/.esrimap?name=enviroMapperN&Cmd=ZoomInByZip&CmdOld=ZoomInByScalar&threshold=360.0&zoomFactor=2.0&layersCode=001&queryCode=99&fipsCode=20013,NATIONAL CAPITOL POST OFFICE,POST OFFICE BOX,0,4,20013,20013,0,0
14,20015,ZIP_015,http://www.usps.gov,http://maps.epa.gov/scripts/.esrimap?name=enviroMapperN&Cmd=ZoomInByZip&CmdOld=ZoomInByScalar&threshold=360.0&zoomFactor=2.0&layersCode=001&queryCode=99&fipsCode=20015, ,STANDARD,70,418,20015,20015,0,0
15,20016,ZIP_016,http://www.usps.gov,http://maps.epa.gov/scripts/.esrimap?name=enviroMapperN&Cmd=ZoomInByZip&CmdOld=ZoomInByScalar&threshold=360.0&zoomFactor=2.0&layersCode=001&queryCode=99&fipsCode=20016, ,STANDARD,125,690,20016,20016,0,0
16,20017,ZIP_017,http://www.usps.gov,http://maps.epa.gov/scripts/.esrimap?name=enviroMapperN&Cmd=ZoomInByZip&CmdOld=ZoomInByScalar&threshold=360.0&zoomFactor=2.0&layersCode=001&queryCode=99&fipsCode=20017, ,STANDARD,536,3164,20017,20017,0,0
17,20018,ZIP_018,http://www.usps.gov,http://maps.epa.gov/scripts/.esrimap?name=enviroMapperN&Cmd=ZoomInByZip&CmdOld=ZoomInByScalar&threshold=360.0&zoomFactor=2.0&layersCode=001&queryCode=99&fipsCode=20018, ,STANDARD,945,4801,20018,20018,0,0
18,20019,ZIP_019,http://www.usps.gov,http://maps.epa.gov/scripts/.esrimap?name=enviroMapperN&Cmd=ZoomInByZip&CmdOld=ZoomInByScalar&threshold=360.0&zoomFactor=2.0&layersCode=001&queryCode=99&fipsCode=20019, ,STANDARD,2774,23416,20019,20019,0,0
19,20020,ZIP_020,http://www.usps.gov,http://maps.epa.gov/scripts/.esrimap?name=enviroMapperN&Cmd=ZoomInByZip&CmdOld=ZoomInByScalar&threshold=360.0&zoomFactor=2.0&layersCode=001&queryCode=99&fipsCode=20020, ,STANDARD,2523,21842,20020,20020,0,0
20,20024,ZIP_024,http://www.usps.gov,http://maps.epa.gov/scripts/.esrimap?name=enviroMapperN&Cmd=ZoomInByZip&CmdOld=ZoomInByScalar&threshold=360.0&zoomFactor=2.0&layersCode=001&queryCode=99&fipsCode=20024, ,STANDARD,442,8091,20024,20024,0,0
21,20026,ZIP_026,http://www.usps.gov,http://maps.epa.gov/scripts/.esrimap?name=enviroMapperN&Cmd=ZoomInByZip&CmdOld=ZoomInByScalar&threshold=360.0&zoomFactor=2.0&layersCode=001&queryCode=99&fipsCode=20026,LENFANT PLAZA POST OFFICE,POST OFFICE BOX,0,1,20026,20026,0,0
22,20026,ZIP_026,http://www.usps.gov,, ,UNIQUE,0,0,20026,20026,0,0
23,20030,ZIP_030,http://www.usps.gov,http://maps.epa.gov/scripts/.esrimap?name=enviroMapperN&Cmd=ZoomInByZip&CmdOld=ZoomInByScalar&threshold=360.0&zoomFactor=2.0&layersCode=001&queryCode=99&fipsCode=20030,ANACOSTIA POST OFFICE BOX,POST OFFICE BOX,0,9,20030,20030,0,0
24,20032,ZIP_032,http://www.usps.gov,,,STANDARD,1899,15312,20032,20032,0,0
25,20036,ZIP_036,http://www.usps.gov,http://maps.epa.gov/scripts/.esrimap?name=enviroMapperN&Cmd=ZoomInByZip&CmdOld=ZoomInByScalar&threshold=360.0&zoomFactor=2.0&layersCode=001&queryCode=99&fipsCode=20036, ,STANDARD,27,54,20036,20036,0,0
26,20037,ZIP_037,http://www.usps.gov,http://maps.epa.gov/scripts/.esrimap?name=enviroMapperN&Cmd=ZoomInByZip&CmdOld=ZoomInByScalar&threshold=360.0&zoomFactor=2.0&layersCode=001&queryCode=99&fipsCode=20037, ,STANDARD,91,290,20037,20037,0,0
27,20039,ZIP_039,http://www.usps.gov,http://maps.epa.gov/scripts/.esrimap?name=enviroMapperN&Cmd=ZoomInByZip&CmdOld=ZoomInByScalar&threshold=360.0&zoomFactor=2.0&layersCode=001&queryCode=99&fipsCode=20039,LAMOND-RIGGS POST OFFICE,POST OFFICE BOX,0,1,20039,20039,0,0
28,20040,ZIP_040,http://www.usps.gov,http://maps.epa.gov/scripts/.esrimap?name=enviroMapperN&Cmd=ZoomInByZip&CmdOld=ZoomInByScalar&threshold=360.0&zoomFactor=2.0&layersCode=001&queryCode=99&fipsCode=20040,BRIGHTWOOD POST OFFICE,POST OFFICE BOX,0,5,20040,20040,0,0
29,20043,ZIP_043,http://www.usps.gov,http://maps.epa.gov/scripts/.esrimap?name=enviroMapperN&Cmd=ZoomInByZip&CmdOld=ZoomInByScalar&threshold=360.0&zoomFactor=2.0&layersCode=001&queryCode=99&fipsCode=20043,MARTIN LUTHER KING JR POST OFFICE,POST OFFICE BOX,0,1,20043,20043,0,0
30,20045,ZIP_045,http://www.usps.gov,http://maps.epa.gov/scripts/.esrimap?name=enviroMapperN&Cmd=ZoomInByZip&CmdOld=ZoomInByScalar&threshold=360.0&zoomFactor=2.0&layersCode=001&queryCode=99&fipsCode=20045,NATIONAL PRESS BUILDING,UNIQUE,0,0,20045,20045,0,0
31,20049,ZIP_049,http://www.usps.gov,http://maps.epa.gov/scripts/.esrimap?name=enviroMapperN&Cmd=ZoomInByZip&CmdOld=ZoomInByScalar&threshold=360.0&zoomFactor=2.0&layersCode=001&queryCode=99&fipsCode=20049,AARP,UNIQUE,0,0,20049,20049,0,0
32,20052,ZIP_052,http://www.usps.gov,, ,UNIQUE,91,290,20037,20037,0,0
33,20056,ZIP_056,http://www.usps.gov,http://maps.epa.gov/scripts/.esrimap?name=enviroMapperN&Cmd=ZoomInByZip&CmdOld=ZoomInByScalar&threshold=360.0&zoomFactor=2.0&layersCode=001&queryCode=99&fipsCode=20056,T STREET POST OFFICE BOX,POST OFFICE BOX,0,0,20056,20056,0,0
34,20057,ZIP_057,http://www.usps.gov,http://maps.epa.gov/scripts/.esrimap?name=enviroMapperN&Cmd=ZoomInByZip&CmdOld=ZoomInByScalar&threshold=360.0&zoomFactor=2.0&layersCode=001&queryCode=99&fipsCode=20057,GEORGETOWN UNIVERSITY,UNIQUE,0,0,20057,20057,0,0
35,20059,ZIP_059,http://www.usps.gov,http://maps.epa.gov/scripts/.esrimap?name=enviroMapperN&Cmd=ZoomInByZip&CmdOld=ZoomInByScalar&threshold=360.0&zoomFactor=2.0&layersCode=001&queryCode=99&fipsCode=20059,HOWARD UNIVERSITY,UNIQUE,0,0,20059,20059,0,0
36,20060,ZIP_060,http://www.usps.gov,http://maps.epa.gov/scripts/.esrimap?name=enviroMapperN&Cmd=ZoomInByZip&CmdOld=ZoomInByScalar&threshold=360.0&zoomFactor=2.0&layersCode=001&queryCode=99&fipsCode=20060,HOWARD UNIVERSITY HOSPITAL,UNIQUE,0,0,20060,20060,0,0
37,20062,ZIP_062,http://www.usps.gov,http://maps.epa.gov/scripts/.esrimap?name=enviroMapperN&Cmd=ZoomInByZip&CmdOld=ZoomInByScalar&threshold=360.0&zoomFactor=2.0&layersCode=001&queryCode=99&fipsCode=20062,CHAMBER OF COMMERCE,UNIQUE,0,0,20062,20062,0,0
38,20064,ZIP_064,http://www.usps.gov,http://maps.epa.gov/scripts/.esrimap?name=enviroMapperN&Cmd=ZoomInByZip&CmdOld=ZoomInByScalar&threshold=360.0&zoomFactor=2.0&layersCode=001&queryCode=99&fipsCode=20064,CATHOLIC UNIVERSITY OF AMERICA,UNIQUE,0,0,20064,20064,0,0
39,20071,ZIP_071,http://www.usps.gov,http://maps.epa.gov/scripts/.esrimap?name=enviroMapperN&Cmd=ZoomInByZip&CmdOld=ZoomInByScalar&threshold=360.0&zoomFactor=2.0&layersCode=001&queryCode=99&fipsCode=20071,THE WASHINGTON POST BUILDING,UNIQUE,0,0,20071,20071,0,0
40,20201,ZIP_201,http://www.usps.gov,http://maps.epa.gov/scripts/.esrimap?name=enviroMapperN&Cmd=ZoomInByZip&CmdOld=ZoomInByScalar&threshold=360.0&zoomFactor=2.0&layersCode=001&queryCode=99&fipsCode=20201,DEPT OF HEALTH AND HUMAN SERVICES,UNIQUE,0,0,20201,20201,0,0
41,20202,ZIP_202,http://www.usps.gov,http://maps.epa.gov/scripts/.esrimap?name=enviroMapperN&Cmd=ZoomInByZip&CmdOld=ZoomInByScalar&threshold=360.0&zoomFactor=2.0&layersCode=001&queryCode=99&fipsCode=20202,DEPARTMENT OF EDUCATION,UNIQUE,0,0,20202,20202,0,0
42,20208,ZIP_208,http://www.usps.gov,http://maps.epa.gov/scripts/.esrimap?name=enviroMapperN&Cmd=ZoomInByZip&CmdOld=ZoomInByScalar&threshold=360.0&zoomFactor=2.0&layersCode=001&queryCode=99&fipsCode=20208,NATIONAL INSTITUTE OF EDUCATION,UNIQUE,0,0,20208,20208,0,0
43,20210,ZIP_210,http://www.usps.gov,http://maps.epa.gov/scripts/.esrimap?name=enviroMapperN&Cmd=ZoomInByZip&CmdOld=ZoomInByScalar&threshold=360.0&zoomFactor=2.0&layersCode=001&queryCode=99&fipsCode=20210,DEPARTMENT OF LABOR,UNIQUE,0,0,20210,20210,0,0
44,20211,ZIP_211,http://www.usps.gov,http://maps.epa.gov/scripts/.esrimap?name=enviroMapperN&Cmd=ZoomInByZip&CmdOld=ZoomInByScalar&threshold=360.0&zoomFactor=2.0&layersCode=001&queryCode=99&fipsCode=20211,DEPARTMENT OF LABOR,UNIQUE,0,0,20211,20211,0,0
45,20212,ZIP_212,http://www.usps.gov,http://maps.epa.gov/scripts/.esrimap?name=enviroMapperN&Cmd=ZoomInByZip&CmdOld=ZoomInByScalar&threshold=360.0&zoomFactor=2.0&layersCode=001&queryCode=99&fipsCode=20212,BUREAU OF LABOR STATISTICS,UNIQUE,0,0,20212,20212,0,0
46,20213,ZIP_213,http://www.usps.gov,http://maps.epa.gov/scripts/.esrimap?name=enviroMapperN&Cmd=ZoomInByZip&CmdOld=ZoomInByScalar&threshold=360.0&zoomFactor=2.0&layersCode=001&queryCode=99&fipsCode=20213,MANPOWER ADMINISTRATION,UNIQUE,0,0,20213,20213,0,0
47,20215,ZIP_215,http://www.usps.gov,http://maps.epa.gov/scripts/.esrimap?name=enviroMapperN&Cmd=ZoomInByZip&CmdOld=ZoomInByScalar&threshold=360.0&zoomFactor=2.0&layersCode=001&queryCode=99&fipsCode=20215,PAY AUDIT DIVISION,UNIQUE,0,0,20215,20215,0,0
48,20216,ZIP_216,http://www.usps.gov,http://maps.epa.gov/scripts/.esrimap?name=enviroMapperN&Cmd=ZoomInByZip&CmdOld=ZoomInByScalar&threshold=360.0&zoomFactor=2.0&layersCode=001&queryCode=99&fipsCode=20216,LABOR MANAGEMENT ADMIN.,UNIQUE,0,0,20216,20216,0,0
49,20217,ZIP_217,http://www.usps.gov,http://maps.epa.gov/scripts/.esrimap?name=enviroMapperN&Cmd=ZoomInByZip&CmdOld=ZoomInByScalar&threshold=360.0&zoomFactor=2.0&layersCode=001&queryCode=99&fipsCode=20217,U.S. TAX COURT,UNIQUE,0,0,20217,20217,0,0
50,20220,ZIP_220,http://www.usps.gov,http://maps.epa.gov/scripts/.esrimap?name=enviroMapperN&Cmd=ZoomInByZip&CmdOld=ZoomInByScalar&threshold=360.0&zoomFactor=2.0&layersCode=001&queryCode=99&fipsCode=20220,DEPARTMENT OF THE TREASURY,UNIQUE,0,0,20220,20220,0,0
51,20221,ZIP_221,http://www.usps.gov,http://maps.epa.gov/scripts/.esrimap?name=enviroMapperN&Cmd=ZoomInByZip&CmdOld=ZoomInByScalar&threshold=360.0&zoomFactor=2.0&layersCode=001&queryCode=99&fipsCode=20221,INTERNAL REVENUE SERVICE,UNIQUE,0,0,20221,20221,0,0
52,20222,ZIP_222,http://www.usps.gov,http://maps.epa.gov/scripts/.esrimap?name=enviroMapperN&Cmd=ZoomInByZip&CmdOld=ZoomInByScalar&threshold=360.0&zoomFactor=2.0&layersCode=001&queryCode=99&fipsCode=20222,INTERNAL REVENUE SERVICE,UNIQUE,0,0,20222,20222,0,0
53,20223,ZIP_223,http://www.usps.gov,http://maps.epa.gov/scripts/.esrimap?name=enviroMapperN&Cmd=ZoomInByZip&CmdOld=ZoomInByScalar&threshold=360.0&zoomFactor=2.0&layersCode=001&queryCode=99&fipsCode=20223, ,UNIQUE,0,1,20223,20223,0,0
54,20224,ZIP_224,http://www.usps.gov,http://maps.epa.gov/scripts/.esrimap?name=enviroMapperN&Cmd=ZoomInByZip&CmdOld=ZoomInByScalar&threshold=360.0&zoomFactor=2.0&layersCode=001&queryCode=99&fipsCode=20224,INTERNAL REVENUE SERVICE,UNIQUE,0,0,20224,20224,0,0
55,20226,ZIP_226,http://www.usps.gov,http://maps.epa.gov/scripts/.esrimap?name=enviroMapperN&Cmd=ZoomInByZip&CmdOld=ZoomInByScalar&threshold=360.0&zoomFactor=2.0&layersCode=001&queryCode=99&fipsCode=20226,INTERNAL REVENUE SERVICE,UNIQUE,0,0,20226,20226,0,0
56,20227,ZIP_227,http://www.usps.gov,http://maps.epa.gov/scripts/.esrimap?name=enviroMapperN&Cmd=ZoomInByZip&CmdOld=ZoomInByScalar&threshold=360.0&zoomFactor=2.0&layersCode=001&queryCode=99&fipsCode=20227,TREASURY FINANCIAL MANAGEMENT SERVICE,UNIQUE,0,0,20227,20227,0,0
57,20228,ZIP_228,http://www.usps.gov,http://maps.epa.gov/scripts/.esrimap?name=enviroMapperN&Cmd=ZoomInByZip&CmdOld=ZoomInByScalar&threshold=360.0&zoomFactor=2.0&layersCode=001&queryCode=99&fipsCode=20228,BUREAU OF ENGRAVING AND PRINTING,UNIQUE,0,0,20228,20228,0,0
58,20229,ZIP_229,http://www.usps.gov,http://maps.epa.gov/scripts/.esrimap?name=enviroMapperN&Cmd=ZoomInByZip&CmdOld=ZoomInByScalar&threshold=360.0&zoomFactor=2.0&layersCode=001&queryCode=99&fipsCode=20229,U.S. CUSTOMS SERVICE,UNIQUE,0,0,20229,20229,0,0
59,20230,ZIP_230,http://www.usps.gov,http://maps.epa.gov/scripts/.esrimap?name=enviroMapperN&Cmd=ZoomInByZip&CmdOld=ZoomInByScalar&threshold=360.0&zoomFactor=2.0&layersCode=001&queryCode=99&fipsCode=20230,DEPARTMENT OF COMMERCE,UNIQUE,0,0,20230,20230,0,0
60,20237,ZIP_237,http://www.usps.gov,http://maps.epa.gov/scripts/.esrimap?name=enviroMapperN&Cmd=ZoomInByZip&CmdOld=ZoomInByScalar&threshold=360.0&zoomFactor=2.0&layersCode=001&queryCode=99&fipsCode=20237,BROADCASTING BOARD OF GOVERNORS,UNIQUE,0,0,20237,20237,0,0
61,20239,ZIP_239,http://www.usps.gov,http://maps.epa.gov/scripts/.esrimap?name=enviroMapperN&Cmd=ZoomInByZip&CmdOld=ZoomInByScalar&threshold=360.0&zoomFactor=2.0&layersCode=001&queryCode=99&fipsCode=20239,BUREAU OF PUBLIC DEBT,UNIQUE,0,0,20239,20239,0,0
62,20240,ZIP_240,http://www.usps.gov,http://maps.epa.gov/scripts/.esrimap?name=enviroMapperN&Cmd=ZoomInByZip&CmdOld=ZoomInByScalar&threshold=360.0&zoomFactor=2.0&layersCode=001&queryCode=99&fipsCode=20240,DEPARTMENT OF THE INTERIOR,UNIQUE,0,0,20240,20240,0,0
63,20242,ZIP_242,http://www.usps.gov,http://maps.epa.gov/scripts/.esrimap?name=enviroMapperN&Cmd=ZoomInByZip&CmdOld=ZoomInByScalar&threshold=360.0&zoomFactor=2.0&layersCode=001&queryCode=99&fipsCode=20242,NATIONAL PARK SERVICE,UNIQUE,0,0,20242,20242,0,0
64,20245,ZIP_245,http://www.usps.gov,http://maps.epa.gov/scripts/.esrimap?name=enviroMapperN&Cmd=ZoomInByZip&CmdOld=ZoomInByScalar&threshold=360.0&zoomFactor=2.0&layersCode=001&queryCode=99&fipsCode=20245,OFFICE OF SURFACE MINING,UNIQUE,0,0,20245,20245,0,0
65,20250,ZIP_250,http://www.usps.gov,http://maps.epa.gov/scripts/.esrimap?name=enviroMapperN&Cmd=ZoomInByZip&CmdOld=ZoomInByScalar&threshold=360.0&zoomFactor=2.0&layersCode=001&queryCode=99&fipsCode=20250,DEPARTMENT OF AGRICULTURE,UNIQUE,0,0,20250,20250,0,0
66,20254,ZIP_254,http://www.usps.gov,http://maps.epa.gov/scripts/.esrimap?name=enviroMapperN&Cmd=ZoomInByZip&CmdOld=ZoomInByScalar&threshold=360.0&zoomFactor=2.0&layersCode=001&queryCode=99&fipsCode=20254,SOCIAL SECURITY ADMINISTRATION,UNIQUE,0,0,20254,20254,0,0
67,20260,ZIP_260,http://www.usps.gov,http://maps.epa.gov/scripts/.esrimap?name=enviroMapperN&Cmd=ZoomInByZip&CmdOld=ZoomInByScalar&threshold=360.0&zoomFactor=2.0&layersCode=001&queryCode=99&fipsCode=20260,UNITED STATES POSTAL SERVICE,UNIQUE,0,0,20260,20260,0,0
68,20261,ZIP_261,http://www.usps.gov,http://maps.epa.gov/scripts/.esrimap?name=enviroMapperN&Cmd=ZoomInByZip&CmdOld=ZoomInByScalar&threshold=360.0&zoomFactor=2.0&layersCode=001&queryCode=99&fipsCode=20261,UNITED STATES POSTAL SERVICE,UNIQUE,0,0,20261,20261,0,0
69,20268,ZIP_268,http://www.usps.gov,http://maps.epa.gov/scripts/.esrimap?name=enviroMapperN&Cmd=ZoomInByZip&CmdOld=ZoomInByScalar&threshold=360.0&zoomFactor=2.0&layersCode=001&queryCode=99&fipsCode=20268,POSTAL REGULATORY COMMISSION,UNIQUE,0,0,20268,20268,0,0
70,20303,ZIP_303,http://www.usps.gov,http://maps.epa.gov/scripts/.esrimap?name=enviroMapperN&Cmd=ZoomInByZip&CmdOld=ZoomInByScalar&threshold=360.0&zoomFactor=2.0&layersCode=001&queryCode=99&fipsCode=20303,NATIONAL IMAGING MAPPING AGENCY,UNIQUE,0,0,20303,20303,0,0
71,20306,ZIP_306,http://www.usps.gov,http://maps.epa.gov/scripts/.esrimap?name=enviroMapperN&Cmd=ZoomInByZip&CmdOld=ZoomInByScalar&threshold=360.0&zoomFactor=2.0&layersCode=001&queryCode=99&fipsCode=20306,ARMED FORCES INSTITUTE OF PATHOLOGY,UNIQUE,0,0,20306,20306,0,0
72,20314,ZIP_314,http://www.usps.gov,http://maps.epa.gov/scripts/.esrimap?name=enviroMapperN&Cmd=ZoomInByZip&CmdOld=ZoomInByScalar&threshold=360.0&zoomFactor=2.0&layersCode=001&queryCode=99&fipsCode=20314,US ARMY CORPS OF ENGINEERS,UNIQUE,0,0,20314,20314,0,0
73,20317,ZIP_317,http://www.usps.gov,http://maps.epa.gov/scripts/.esrimap?name=enviroMapperN&Cmd=ZoomInByZip&CmdOld=ZoomInByScalar&threshold=360.0&zoomFactor=2.0&layersCode=001&queryCode=99&fipsCode=20317,ARMED FORCES RETIREMENT HOME,UNIQUE,0,0,20317,20317,0,0
74,20319,ZIP_319,http://www.usps.gov,http://maps.epa.gov/scripts/.esrimap?name=enviroMapperN&Cmd=ZoomInByZip&CmdOld=ZoomInByScalar&threshold=360.0&zoomFactor=2.0&layersCode=001&queryCode=99&fipsCode=20319,FORT LESLIE J. MCNAIR,UNIQUE,0,0,20319,20319,0,0
75,20340,ZIP_340,http://www.usps.gov,http://maps.epa.gov/scripts/.esrimap?name=enviroMapperN&Cmd=ZoomInByZip&CmdOld=ZoomInByScalar&threshold=360.0&zoomFactor=2.0&layersCode=001&queryCode=99&fipsCode=20340,BOLLING AIR FORCE BASE,UNIQUE,0,0,20340,20340,0,0
76,20372,ZIP_372,http://www.usps.gov,http://maps.epa.gov/scripts/.esrimap?name=enviroMapperN&Cmd=ZoomInByZip&CmdOld=ZoomInByScalar&threshold=360.0&zoomFactor=2.0&layersCode=001&queryCode=99&fipsCode=20372,NAVY BUREAU OF MEDICINE AND SURGERY,UNIQUE,0,0,20372,20372,0,0
77,20373,ZIP_373,http://www.usps.gov,http://maps.epa.gov/scripts/.esrimap?name=enviroMapperN&Cmd=ZoomInByZip&CmdOld=ZoomInByScalar&threshold=360.0&zoomFactor=2.0&layersCode=001&queryCode=99&fipsCode=20373,ANACOSTIA NAVAL ANNEX,UNIQUE,0,0,20373,20373,0,0
78,20374,ZIP_374,http://www.usps.gov,http://maps.epa.gov/scripts/.esrimap?name=enviroMapperN&Cmd=ZoomInByZip&CmdOld=ZoomInByScalar&threshold=360.0&zoomFactor=2.0&layersCode=001&queryCode=99&fipsCode=20374,WASHINGTON NAVY YARD,UNIQUE,0,0,20374,20374,0,0
79,20375,ZIP_375,http://www.usps.gov,http://maps.epa.gov/scripts/.esrimap?name=enviroMapperN&Cmd=ZoomInByZip&CmdOld=ZoomInByScalar&threshold=360.0&zoomFactor=2.0&layersCode=001&queryCode=99&fipsCode=20375,NAVAL RESEARCH LABRATORY,UNIQUE,0,0,20375,20375,0,0
80,20376,ZIP_376,http://www.usps.gov,http://maps.epa.gov/scripts/.esrimap?name=enviroMapperN&Cmd=ZoomInByZip&CmdOld=ZoomInByScalar&threshold=360.0&zoomFactor=2.0&layersCode=001&queryCode=99&fipsCode=20376,NAVAL SEA SYSTEMS COMMAND,UNIQUE,0,0,20376,20376,0,0
81,20388,ZIP_388,http://www.usps.gov,http://maps.epa.gov/scripts/.esrimap?name=enviroMapperN&Cmd=ZoomInByZip&CmdOld=ZoomInByScalar&threshold=360.0&zoomFactor=2.0&layersCode=001&queryCode=99&fipsCode=20388,NAVY CRIMINAL INVESTIGATIVE SERVICE,UNIQUE,0,0,20388,20388,0,0
82,20392,ZIP_392,http://www.usps.gov,http://maps.epa.gov/scripts/.esrimap?name=enviroMapperN&Cmd=ZoomInByZip&CmdOld=ZoomInByScalar&threshold=360.0&zoomFactor=2.0&layersCode=001&queryCode=99&fipsCode=20392,US NAVAL OBSERVATORY,UNIQUE,0,0,20392,20392,0,0
83,20398,ZIP_398,http://www.usps.gov,http://maps.epa.gov/scripts/.esrimap?name=enviroMapperN&Cmd=ZoomInByZip&CmdOld=ZoomInByScalar&threshold=360.0&zoomFactor=2.0&layersCode=001&queryCode=99&fipsCode=20398,MILITARY SEALIFT COMMAND,UNIQUE,0,0,20398,20398,0,0
84,20401,ZIP_401,http://www.usps.gov,http://maps.epa.gov/scripts/.esrimap?name=enviroMapperN&Cmd=ZoomInByZip&CmdOld=ZoomInByScalar&threshold=360.0&zoomFactor=2.0&layersCode=001&queryCode=99&fipsCode=20401,US GOVERNMENT PRINTING OFFICE,UNIQUE,0,0,20401,20401,0,0
85,20402,ZIP_402,http://www.usps.gov,http://maps.epa.gov/scripts/.esrimap?name=enviroMapperN&Cmd=ZoomInByZip&CmdOld=ZoomInByScalar&threshold=360.0&zoomFactor=2.0&layersCode=001&queryCode=99&fipsCode=20402,US GOVERNMENT PRINTING OFFICE,UNIQUE,0,0,20402,20402,0,0
86,20403,ZIP_403,http://www.usps.gov,http://maps.epa.gov/scripts/.esrimap?name=enviroMapperN&Cmd=ZoomInByZip&CmdOld=ZoomInByScalar&threshold=360.0&zoomFactor=2.0&layersCode=001&queryCode=99&fipsCode=20403,US GOVERNMENT PRINTING OFFICE,UNIQUE,0,0,20403,20403,0,0
87,20404,ZIP_404,http://www.usps.gov,http://maps.epa.gov/scripts/.esrimap?name=enviroMapperN&Cmd=ZoomInByZip&CmdOld=ZoomInByScalar&threshold=360.0&zoomFactor=2.0&layersCode=001&queryCode=99&fipsCode=20404,GOVERNMENT PRINTING OFFICE PROCUREMENT,UNIQUE,0,0,20404,20404,0,0
96,20419,ZIP_419,http://www.usps.gov,http://maps.epa.gov/scripts/.esrimap?name=enviroMapperN&Cmd=ZoomInByZip&CmdOld=ZoomInByScalar&threshold=360.0&zoomFactor=2.0&layersCode=001&queryCode=99&fipsCode=20419,MERIT SYSTEMS PROTECTION BOARD,UNIQUE,0,0,20419,20419,0,0
97,20420,ZIP_420,http://www.usps.gov,http://maps.epa.gov/scripts/.esrimap?name=enviroMapperN&Cmd=ZoomInByZip&CmdOld=ZoomInByScalar&threshold=360.0&zoomFactor=2.0&layersCode=001&queryCode=99&fipsCode=20420,DEPARTMENT OF VETERANS AFFAIRS,UNIQUE,0,0,20420,20420,0,0
98,20422,ZIP_422,http://www.usps.gov,http://maps.epa.gov/scripts/.esrimap?name=enviroMapperN&Cmd=ZoomInByZip&CmdOld=ZoomInByScalar&threshold=360.0&zoomFactor=2.0&layersCode=001&queryCode=99&fipsCode=20422,VETERANS HOSPITAL,UNIQUE,0,0,20422,20422,0,0
99,20423,ZIP_423,http://www.usps.gov,http://maps.epa.gov/scripts/.esrimap?name=enviroMapperN&Cmd=ZoomInByZip&CmdOld=ZoomInByScalar&threshold=360.0&zoomFactor=2.0&layersCode=001&queryCode=99&fipsCode=20423,SURFACE TRANSPORTATION BOARD,UNIQUE,0,0,20423,20423,0,0
100,20425,ZIP_425,http://www.usps.gov,http://maps.epa.gov/scripts/.esrimap?name=enviroMapperN&Cmd=ZoomInByZip&CmdOld=ZoomInByScalar&threshold=360.0&zoomFactor=2.0&layersCode=001&queryCode=99&fipsCode=20425,U.S. COMMISSION ON CIVIL RIGHTS,UNIQUE,0,0,20425,20425,0,0
101,20426,ZIP_426,http://www.usps.gov,http://maps.epa.gov/scripts/.esrimap?name=enviroMapperN&Cmd=ZoomInByZip&CmdOld=ZoomInByScalar&threshold=360.0&zoomFactor=2.0&layersCode=001&queryCode=99&fipsCode=20426,FEDERAL REGULATORY ENERGY COMMISSION,UNIQUE,0,0,20426,20426,0,0
102,20427,ZIP_427,http://www.usps.gov,http://maps.epa.gov/scripts/.esrimap?name=enviroMapperN&Cmd=ZoomInByZip&CmdOld=ZoomInByScalar&threshold=360.0&zoomFactor=2.0&layersCode=001&queryCode=99&fipsCode=20427,FEDERAL MEDIATION & COUNSEL SERVICE,UNIQUE,0,0,20427,20427,0,0
103,20429,ZIP_249,http://www.usps.gov,http://maps.epa.gov/scripts/.esrimap?name=enviroMapperN&Cmd=ZoomInByZip&CmdOld=ZoomInByScalar&threshold=360.0&zoomFactor=2.0&layersCode=001&queryCode=99&fipsCode=20249,FEDERAL DEPOSIT INSURANCE CORPORATION,UNIQUE,0,0,20429,20429,0,0
104,20431,ZIP_431,http://www.usps.gov,http://maps.epa.gov/scripts/.esrimap?name=enviroMapperN&Cmd=ZoomInByZip&CmdOld=ZoomInByScalar&threshold=360.0&zoomFactor=2.0&layersCode=001&queryCode=99&fipsCode=20431,INTERNATIONAL MONETARY FUND,UNIQUE,0,0,20431,20431,0,0
105,20433,ZIP_433,http://www.usps.gov,http://maps.epa.gov/scripts/.esrimap?name=enviroMapperN&Cmd=ZoomInByZip&CmdOld=ZoomInByScalar&threshold=360.0&zoomFactor=2.0&layersCode=001&queryCode=99&fipsCode=20433,WORLD BANK,UNIQUE,0,0,20433,20433,0,0
106,20436,ZIP_436,http://www.usps.gov,http://maps.epa.gov/scripts/.esrimap?name=enviroMapperN&Cmd=ZoomInByZip&CmdOld=ZoomInByScalar&threshold=360.0&zoomFactor=2.0&layersCode=001&queryCode=99&fipsCode=20436,INTERNATIONAL TRADE COMMISSION,UNIQUE,0,0,20436,20436,0,0
107,20437,ZIP_437,http://www.usps.gov,http://maps.epa.gov/scripts/.esrimap?name=enviroMapperN&Cmd=ZoomInByZip&CmdOld=ZoomInByScalar&threshold=360.0&zoomFactor=2.0&layersCode=001&queryCode=99&fipsCode=20437,UN FOOD AND AGRICULTURAL ORGANIZATION,UNIQUE,0,0,20437,20437,0,0
108,20439,ZIP_439,http://www.usps.gov,http://maps.epa.gov/scripts/.esrimap?name=enviroMapperN&Cmd=ZoomInByZip&CmdOld=ZoomInByScalar&threshold=360.0&zoomFactor=2.0&layersCode=001&queryCode=99&fipsCode=20439,UNITED STATES COURT OF APPEALS FOR THE FEDERAL CIRCUIT,UNIQUE,0,0,20439,20439,0,0
109,20440,ZIP_440,http://www.usps.gov,http://maps.epa.gov/scripts/.esrimap?name=enviroMapperN&Cmd=ZoomInByZip&CmdOld=ZoomInByScalar&threshold=360.0&zoomFactor=2.0&layersCode=001&queryCode=99&fipsCode=20440,INTERNATIONAL JOINT COMMISSION,UNIQUE,0,0,20440,20440,0,0
110,20441,ZIP_441,http://www.usps.gov,http://maps.epa.gov/scripts/.esrimap?name=enviroMapperN&Cmd=ZoomInByZip&CmdOld=ZoomInByScalar&threshold=360.0&zoomFactor=2.0&layersCode=001&queryCode=99&fipsCode=20441,INTER AMERICAN DEFENSE BOARD,UNIQUE,0,0,20441,20441,0,0
111,20442,ZIP_442,http://www.usps.gov,http://maps.epa.gov/scripts/.esrimap?name=enviroMapperN&Cmd=ZoomInByZip&CmdOld=ZoomInByScalar&threshold=360.0&zoomFactor=2.0&layersCode=001&queryCode=99&fipsCode=20442,COURT OF MILITARY APPEALS,UNIQUE,0,0,20442,20442,0,0
112,20444,ZIP_444,http://www.usps.gov,http://maps.epa.gov/scripts/.esrimap?name=enviroMapperN&Cmd=ZoomInByZip&CmdOld=ZoomInByScalar&threshold=360.0&zoomFactor=2.0&layersCode=001&queryCode=99&fipsCode=20444,TENNESSEE VALLEY AUTHORITY,UNIQUE,0,0,20444,20444,0,0
113,20451,ZIP_451,http://www.usps.gov,http://maps.epa.gov/scripts/.esrimap?name=enviroMapperN&Cmd=ZoomInByZip&CmdOld=ZoomInByScalar&threshold=360.0&zoomFactor=2.0&layersCode=001&queryCode=99&fipsCode=20451,ARMS CONTROL AND DISARMAMENT AGENCY,UNIQUE,0,0,20451,20451,0,0
114,20460,ZIP_460,http://www.usps.gov,http://maps.epa.gov/scripts/.esrimap?name=enviroMapperN&Cmd=ZoomInByZip&CmdOld=ZoomInByScalar&threshold=360.0&zoomFactor=2.0&layersCode=001&queryCode=99&fipsCode=20460,ENVIROMENTAL PROTECTION AGENCY,UNIQUE,0,0,20460,20460,0,0
115,20463,ZIP_463,http://www.usps.gov,http://maps.epa.gov/scripts/.esrimap?name=enviroMapperN&Cmd=ZoomInByZip&CmdOld=ZoomInByScalar&threshold=360.0&zoomFactor=2.0&layersCode=001&queryCode=99&fipsCode=20463,BUREAU OF PUBLIC DEBT,UNIQUE,0,0,20463,20463,0,0
116,20472,ZIP_472,http://www.usps.gov,http://maps.epa.gov/scripts/.esrimap?name=enviroMapperN&Cmd=ZoomInByZip&CmdOld=ZoomInByScalar&threshold=360.0&zoomFactor=2.0&layersCode=001&queryCode=99&fipsCode=20472,FEDERAL EMERGENCY MANAGEMENT AGENCY,UNIQUE,0,0,20472,20472,0,0
117,20500,ZIP_500,http://www.usps.gov,http://maps.epa.gov/scripts/.esrimap?name=enviroMapperN&Cmd=ZoomInByZip&CmdOld=ZoomInByScalar&threshold=360.0&zoomFactor=2.0&layersCode=001&queryCode=99&fipsCode=20500,WHITE HOUSE,UNIQUE,0,0,20500,20500,0,0
118,20501,ZIP_501,http://www.usps.gov,http://maps.epa.gov/scripts/.esrimap?name=enviroMapperN&Cmd=ZoomInByZip&CmdOld=ZoomInByScalar&threshold=360.0&zoomFactor=2.0&layersCode=001&queryCode=99&fipsCode=20501,WHITE HOUSE,UNIQUE,0,0,20501,20501,0,0
119,20502,ZIP_502,http://www.usps.gov,http://maps.epa.gov/scripts/.esrimap?name=enviroMapperN&Cmd=ZoomInByZip&CmdOld=ZoomInByScalar&threshold=360.0&zoomFactor=2.0&layersCode=001&queryCode=99&fipsCode=20502,WHITE HOUSE PRESIDENTS OFFICE,UNIQUE,0,0,20502,20502,0,0
120,20503,ZIP_503,http://www.usps.gov,http://maps.epa.gov/scripts/.esrimap?name=enviroMapperN&Cmd=ZoomInByZip&CmdOld=ZoomInByScalar&threshold=360.0&zoomFactor=2.0&layersCode=001&queryCode=99&fipsCode=20503,OFFICE OF MANAGEMENT AND BUDGET,UNIQUE,0,0,20503,20503,0,0
121,20505,ZIP_505,http://www.usps.gov,http://maps.epa.gov/scripts/.esrimap?name=enviroMapperN&Cmd=ZoomInByZip&CmdOld=ZoomInByScalar&threshold=360.0&zoomFactor=2.0&layersCode=001&queryCode=99&fipsCode=20505,CENTRAL INTELLIGENCE AGENCY,UNIQUE,0,0,20505,20505,0,0
122,20506,ZIP_506,http://www.usps.gov,http://maps.epa.gov/scripts/.esrimap?name=enviroMapperN&Cmd=ZoomInByZip&CmdOld=ZoomInByScalar&threshold=360.0&zoomFactor=2.0&layersCode=001&queryCode=99&fipsCode=20506,EXECUTIVE OFFICE OTHER ORGANIZATIONS,UNIQUE,0,0,20506,20506,0,0
123,20507,ZIP_507,http://www.usps.gov,http://maps.epa.gov/scripts/.esrimap?name=enviroMapperN&Cmd=ZoomInByZip&CmdOld=ZoomInByScalar&threshold=360.0&zoomFactor=2.0&layersCode=001&queryCode=99&fipsCode=20507,EQUAL EMPLOYMENT OPPORTUNITY COMMISSION,UNIQUE,0,0,20507,20507,0,0
124,20508,ZIP_508,http://www.usps.gov,http://maps.epa.gov/scripts/.esrimap?name=enviroMapperN&Cmd=ZoomInByZip&CmdOld=ZoomInByScalar&threshold=360.0&zoomFactor=2.0&layersCode=001&queryCode=99&fipsCode=20508,UNITED STATES TRADE REPRESENATIVE,UNIQUE,0,0,20508,20508,0,0
125,20509,ZIP_509,http://www.usps.gov,http://maps.epa.gov/scripts/.esrimap?name=enviroMapperN&Cmd=ZoomInByZip&CmdOld=ZoomInByScalar&threshold=360.0&zoomFactor=2.0&layersCode=001&queryCode=99&fipsCode=20509,EXECUTIVE OFFICE OF THE PRESIDENT,UNIQUE,0,0,20509,20509,0,0
126,20510,ZIP_510,http://www.usps.gov,http://maps.epa.gov/scripts/.esrimap?name=enviroMapperN&Cmd=ZoomInByZip&CmdOld=ZoomInByScalar&threshold=360.0&zoomFactor=2.0&layersCode=001&queryCode=99&fipsCode=20510,UNITED STATES SENATE,UNIQUE,0,0,20510,20510,0,0
127,20515,ZIP_515,http://www.usps.gov,http://maps.epa.gov/scripts/.esrimap?name=enviroMapperN&Cmd=ZoomInByZip&CmdOld=ZoomInByScalar&threshold=360.0&zoomFactor=2.0&layersCode=001&queryCode=99&fipsCode=20515,UNITED STATES HOUSE OF REPRESENTATIVES,UNIQUE,0,0,20515,20515,0,0
128,20520,ZIP_520,http://www.usps.gov,http://maps.epa.gov/scripts/.esrimap?name=enviroMapperN&Cmd=ZoomInByZip&CmdOld=ZoomInByScalar&threshold=360.0&zoomFactor=2.0&layersCode=001&queryCode=99&fipsCode=20520,STATE DEPARTMENT,UNIQUE,0,0,20520,20520,0,0
129,20521,ZIP_521,http://www.usps.gov,http://maps.epa.gov/scripts/.esrimap?name=enviroMapperN&Cmd=ZoomInByZip&CmdOld=ZoomInByScalar&threshold=360.0&zoomFactor=2.0&layersCode=001&queryCode=99&fipsCode=20521,OFFICE OF PUBLIC DIPLOMACY AND PUBLIC AFFAIRS,UNIQUE,0,0,20521,20521,0,0
130,20522,ZIP_522,http://www.usps.gov,http://maps.epa.gov/scripts/.esrimap?name=enviroMapperN&Cmd=ZoomInByZip&CmdOld=ZoomInByScalar&threshold=360.0&zoomFactor=2.0&layersCode=001&queryCode=99&fipsCode=20522,STATE DEPARTMENT,UNIQUE,0,0,20522,20522,0,0
131,20523,ZIP_523,http://www.usps.gov,http://maps.epa.gov/scripts/.esrimap?name=enviroMapperN&Cmd=ZoomInByZip&CmdOld=ZoomInByScalar&threshold=360.0&zoomFactor=2.0&layersCode=001&queryCode=99&fipsCode=20523,DEPARTMENT OF STATE INTERNATIONAL DIVISION,UNIQUE,0,0,20523,20523,0,0
132,20524,ZIP_524,http://www.usps.gov,http://maps.epa.gov/scripts/.esrimap?name=enviroMapperN&Cmd=ZoomInByZip&CmdOld=ZoomInByScalar&threshold=360.0&zoomFactor=2.0&layersCode=001&queryCode=99&fipsCode=20524,PASSPORT OFFICE DC,UNIQUE,0,0,20524,20524,0,0
133,20526,ZIP_526,http://www.usps.gov,http://maps.epa.gov/scripts/.esrimap?name=enviroMapperN&Cmd=ZoomInByZip&CmdOld=ZoomInByScalar&threshold=360.0&zoomFactor=2.0&layersCode=001&queryCode=99&fipsCode=20526,PEACE CORPS,UNIQUE,0,0,20526,20526,0,0
134,20527,ZIP_527,http://www.usps.gov,http://maps.epa.gov/scripts/.esrimap?name=enviroMapperN&Cmd=ZoomInByZip&CmdOld=ZoomInByScalar&threshold=360.0&zoomFactor=2.0&layersCode=001&queryCode=99&fipsCode=20527,OVERSEAS PRIVATE INVESTMENT CORPORATION,UNIQUE,0,0,20527,20527,0,0
135,20528,ZIP_528,http://www.usps.gov,http://maps.epa.gov/scripts/.esrimap?name=enviroMapperN&Cmd=ZoomInByZip&CmdOld=ZoomInByScalar&threshold=360.0&zoomFactor=2.0&layersCode=001&queryCode=99&fipsCode=20528,DEPARTMENT OF HOMELAND SECURITY,UNIQUE,0,0,20528,20528,0,0
136,20529,ZIP_529,http://www.usps.gov,http://maps.epa.gov/scripts/.esrimap?name=enviroMapperN&Cmd=ZoomInByZip&CmdOld=ZoomInByScalar&threshold=360.0&zoomFactor=2.0&layersCode=001&queryCode=99&fipsCode=20529,U.S CITIZENSHIP AND IMMIGRATION SERVICES,UNIQUE,0,0,20529,20529,0,0
137,20530,ZIP_530,http://www.usps.gov,http://maps.epa.gov/scripts/.esrimap?name=enviroMapperN&Cmd=ZoomInByZip&CmdOld=ZoomInByScalar&threshold=360.0&zoomFactor=2.0&layersCode=001&queryCode=99&fipsCode=20530,DEPARTMENT OF JUSTICE,UNIQUE,0,0,20530,20530,0,0
138,20532,ZIP_532,http://www.usps.gov,http://maps.epa.gov/scripts/.esrimap?name=enviroMapperN&Cmd=ZoomInByZip&CmdOld=ZoomInByScalar&threshold=360.0&zoomFactor=2.0&layersCode=001&queryCode=99&fipsCode=20532,BUREAU OF NARC & DRUG ENFORCEMENT LAB,UNIQUE,0,0,20532,20532,0,0
139,20534,ZIP_534,http://www.usps.gov,http://maps.epa.gov/scripts/.esrimap?name=enviroMapperN&Cmd=ZoomInByZip&CmdOld=ZoomInByScalar&threshold=360.0&zoomFactor=2.0&layersCode=001&queryCode=99&fipsCode=20534,BUREAU OF PRISONS,UNIQUE,0,0,20534,20534,0,0
140,20535,ZIP_535,http://www.usps.gov,http://maps.epa.gov/scripts/.esrimap?name=enviroMapperN&Cmd=ZoomInByZip&CmdOld=ZoomInByScalar&threshold=360.0&zoomFactor=2.0&layersCode=001&queryCode=99&fipsCode=20535,FEDERAL BUREAU OF INVESTIGATION,UNIQUE,0,0,20535,20535,0,0
141,20536,ZIP_536,http://www.usps.gov,, ,STANDARD,0,0,20536,20536,0,0
142,20540,ZIP_540,http://www.usps.gov,http://maps.epa.gov/scripts/.esrimap?name=enviroMapperN&Cmd=ZoomInByZip&CmdOld=ZoomInByScalar&threshold=360.0&zoomFactor=2.0&layersCode=001&queryCode=99&fipsCode=20540,LIBRARY OF CONGRESS,UNIQUE,0,0,20540,20540,0,0
143,20542,ZIP_542,http://www.usps.gov,http://maps.epa.gov/scripts/.esrimap?name=enviroMapperN&Cmd=ZoomInByZip&CmdOld=ZoomInByScalar&threshold=360.0&zoomFactor=2.0&layersCode=001&queryCode=99&fipsCode=20542,LIBRARY OF CONGRESS - TAYLOR ST ANNEX,UNIQUE,0,0,20542,20542,0,0
144,20543,ZIP_543,http://www.usps.gov,http://maps.epa.gov/scripts/.esrimap?name=enviroMapperN&Cmd=ZoomInByZip&CmdOld=ZoomInByScalar&threshold=360.0&zoomFactor=2.0&layersCode=001&queryCode=99&fipsCode=20543,US SUPREME COURT,UNIQUE,0,0,20543,20543,0,0
145,20544,ZIP_544,http://www.usps.gov,http://maps.epa.gov/scripts/.esrimap?name=enviroMapperN&Cmd=ZoomInByZip&CmdOld=ZoomInByScalar&threshold=360.0&zoomFactor=2.0&layersCode=001&queryCode=99&fipsCode=20544,ADMINSTRATION OFFICE OF THE US COURTS,UNIQUE,0,0,20544,20544,0,0
146,20546,ZIP_546,http://www.usps.gov,http://maps.epa.gov/scripts/.esrimap?name=enviroMapperN&Cmd=ZoomInByZip&CmdOld=ZoomInByScalar&threshold=360.0&zoomFactor=2.0&layersCode=001&queryCode=99&fipsCode=20546,NASA,UNIQUE,0,0,20546,20546,0,0
147,20547,ZIP_547,http://www.usps.gov,, ,STANDARD,0,0,20547,20547,0,0
148,20548,ZIP_548,http://www.usps.gov,http://maps.epa.gov/scripts/.esrimap?name=enviroMapperN&Cmd=ZoomInByZip&CmdOld=ZoomInByScalar&threshold=360.0&zoomFactor=2.0&layersCode=001&queryCode=99&fipsCode=20548,GENERAL ACCOUNTING OFFICE,UNIQUE,0,0,20548,20548,0,0
149,20549,ZIP_549,http://www.usps.gov,http://maps.epa.gov/scripts/.esrimap?name=enviroMapperN&Cmd=ZoomInByZip&CmdOld=ZoomInByScalar&threshold=360.0&zoomFactor=2.0&layersCode=001&queryCode=99&fipsCode=20549,SECURITIES AND EXCHANGE COMMISSION,UNIQUE,0,0,20549,20549,0,0
150,20551,ZIP_551,http://www.usps.gov,http://maps.epa.gov/scripts/.esrimap?name=enviroMapperN&Cmd=ZoomInByZip&CmdOld=ZoomInByScalar&threshold=360.0&zoomFactor=2.0&layersCode=001&queryCode=99&fipsCode=20551,FEDERAL RESERVE BOARD,UNIQUE,0,0,20551,20551,0,0
151,20552,ZIP_552,http://www.usps.gov,http://maps.epa.gov/scripts/.esrimap?name=enviroMapperN&Cmd=ZoomInByZip&CmdOld=ZoomInByScalar&threshold=360.0&zoomFactor=2.0&layersCode=001&queryCode=99&fipsCode=20552,OFFICE OF THRIFT SUPERVISION,UNIQUE,0,0,20552,20552,0,0
152,20553,ZIP_553,http://www.usps.gov,http://maps.epa.gov/scripts/.esrimap?name=enviroMapperN&Cmd=ZoomInByZip&CmdOld=ZoomInByScalar&threshold=360.0&zoomFactor=2.0&layersCode=001&queryCode=99&fipsCode=20553,FEDERAL AVIATION ADMINISTRATION,UNIQUE,0,0,20553,20553,0,0
153,20554,ZIP_554,http://www.usps.gov,http://maps.epa.gov/scripts/.esrimap?name=enviroMapperN&Cmd=ZoomInByZip&CmdOld=ZoomInByScalar&threshold=360.0&zoomFactor=2.0&layersCode=001&queryCode=99&fipsCode=20554,FEDERAL COMMUNICATIONS COMMISSION,UNIQUE,0,0,20554,20554,0,0
154,20557,ZIP_557,http://www.usps.gov,http://maps.epa.gov/scripts/.esrimap?name=enviroMapperN&Cmd=ZoomInByZip&CmdOld=ZoomInByScalar&threshold=360.0&zoomFactor=2.0&layersCode=001&queryCode=99&fipsCode=20557,LIBRARY OF CONGRESS,UNIQUE,0,0,20557,20557,0,0
155,20559,ZIP_559,http://www.usps.gov,http://maps.epa.gov/scripts/.esrimap?name=enviroMapperN&Cmd=ZoomInByZip&CmdOld=ZoomInByScalar&threshold=360.0&zoomFactor=2.0&layersCode=001&queryCode=99&fipsCode=20559,US COPYRIGHT OFFICE,UNIQUE,0,0,20559,20559,0,0
156,20560,ZIP_560,http://www.usps.gov,http://maps.epa.gov/scripts/.esrimap?name=enviroMapperN&Cmd=ZoomInByZip&CmdOld=ZoomInByScalar&threshold=360.0&zoomFactor=2.0&layersCode=001&queryCode=99&fipsCode=20560,SMITHSONIAN INSTITUTION,UNIQUE,0,0,20560,20560,0,0
157,20565,ZIP_565,http://www.usps.gov,http://maps.epa.gov/scripts/.esrimap?name=enviroMapperN&Cmd=ZoomInByZip&CmdOld=ZoomInByScalar&threshold=360.0&zoomFactor=2.0&layersCode=001&queryCode=99&fipsCode=20565,NATIONAL GALLERY OF ART,UNIQUE,0,0,20565,20565,0,0
158,20566,ZIP_566,http://www.usps.gov,http://maps.epa.gov/scripts/.esrimap?name=enviroMapperN&Cmd=ZoomInByZip&CmdOld=ZoomInByScalar&threshold=360.0&zoomFactor=2.0&layersCode=001&queryCode=99&fipsCode=20566,JOHN F KENNEDY CENTER,UNIQUE,0,0,20566,20566,0,0
159,20570,ZIP_570,http://www.usps.gov,http://maps.epa.gov/scripts/.esrimap?name=enviroMapperN&Cmd=ZoomInByZip&CmdOld=ZoomInByScalar&threshold=360.0&zoomFactor=2.0&layersCode=001&queryCode=99&fipsCode=20570,NATIONAL LABOR RELATIONS BOARD,UNIQUE,0,0,20570,20570,0,0
160,20571,ZIP_571,http://www.usps.gov,http://maps.epa.gov/scripts/.esrimap?name=enviroMapperN&Cmd=ZoomInByZip&CmdOld=ZoomInByScalar&threshold=360.0&zoomFactor=2.0&layersCode=001&queryCode=99&fipsCode=20571,EXPORT IMPORT BANK,UNIQUE,0,0,20571,20571,0,0
161,20572,ZIP_572,http://www.usps.gov,http://maps.epa.gov/scripts/.esrimap?name=enviroMapperN&Cmd=ZoomInByZip&CmdOld=ZoomInByScalar&threshold=360.0&zoomFactor=2.0&layersCode=001&queryCode=99&fipsCode=20572,NATIONAL MEDIATION BOARD,UNIQUE,0,0,20572,20572,0,0
162,20573,ZIP_573,http://www.usps.gov,http://maps.epa.gov/scripts/.esrimap?name=enviroMapperN&Cmd=ZoomInByZip&CmdOld=ZoomInByScalar&threshold=360.0&zoomFactor=2.0&layersCode=001&queryCode=99&fipsCode=20573,FEDERAL MARITIME COMMISSION,UNIQUE,0,0,20573,20573,0,0
163,20577,ZIP_577,http://www.usps.gov,http://maps.epa.gov/scripts/.esrimap?name=enviroMapperN&Cmd=ZoomInByZip&CmdOld=ZoomInByScalar&threshold=360.0&zoomFactor=2.0&layersCode=001&queryCode=99&fipsCode=20577,INTERAMERICAN DEVELOPMENT BANK,UNIQUE,0,0,20577,20577,0,0
164,20579,ZIP_579,http://www.usps.gov,http://maps.epa.gov/scripts/.esrimap?name=enviroMapperN&Cmd=ZoomInByZip&CmdOld=ZoomInByScalar&threshold=360.0&zoomFactor=2.0&layersCode=001&queryCode=99&fipsCode=20579,FOREIGN CLAIMS SETTLEMENT,UNIQUE,0,0,20579,20579,0,0
165,20580,ZIP_580,http://www.usps.gov,http://maps.epa.gov/scripts/.esrimap?name=enviroMapperN&Cmd=ZoomInByZip&CmdOld=ZoomInByScalar&threshold=360.0&zoomFactor=2.0&layersCode=001&queryCode=99&fipsCode=20580,FEDERAL TRADE COMMISSION,UNIQUE,0,0,20580,20580,0,0
166,20581,ZIP_581,http://www.usps.gov,http://maps.epa.gov/scripts/.esrimap?name=enviroMapperN&Cmd=ZoomInByZip&CmdOld=ZoomInByScalar&threshold=360.0&zoomFactor=2.0&layersCode=001&queryCode=99&fipsCode=20581,COMMODITY FUTURES TRADING COMMISSION,UNIQUE,0,0,20581,20581,0,0
167,20585,ZIP_585,http://www.usps.gov,http://maps.epa.gov/scripts/.esrimap?name=enviroMapperN&Cmd=ZoomInByZip&CmdOld=ZoomInByScalar&threshold=360.0&zoomFactor=2.0&layersCode=001&queryCode=99&fipsCode=20585,VARIOUS FEDERAL AGENCIES,UNIQUE,0,0,20585,20585,0,0
168,20591,ZIP_591,http://www.usps.gov,http://maps.epa.gov/scripts/.esrimap?name=enviroMapperN&Cmd=ZoomInByZip&CmdOld=ZoomInByScalar&threshold=360.0&zoomFactor=2.0&layersCode=001&queryCode=99&fipsCode=20591,FEDERAL AVIATION ADMINISTRATION,UNIQUE,0,0,20591,20591,0,0
169,20593,ZIP_593,http://www.usps.gov,http://maps.epa.gov/scripts/.esrimap?name=enviroMapperN&Cmd=ZoomInByZip&CmdOld=ZoomInByScalar&threshold=360.0&zoomFactor=2.0&layersCode=001&queryCode=99&fipsCode=20593,US COAST GUARD,UNIQUE,0,0,20593,20593,0,0
170,20594,ZIP_594,http://www.usps.gov,http://maps.epa.gov/scripts/.esrimap?name=enviroMapperN&Cmd=ZoomInByZip&CmdOld=ZoomInByScalar&threshold=360.0&zoomFactor=2.0&layersCode=001&queryCode=99&fipsCode=20594,FEDERAL AVIATION ADMINISTRATION,UNIQUE,0,0,20594,20594,0,0
171,20597,ZIP_595,http://www.usps.gov,, ,STANDARD,0,0,20597,20597,0,0
